{"cameraMode":{"drawMode":0,"name":"Shaded","section":"Shading Mode"},"sceneLighting":true,"audioPlay":false,"sceneViewState":{"m_AlwaysRefresh":false,"showFog":true,"showSkybox":true,"showFlares":true,"showImageEffects":true,"showParticleSystems":true,"showVisualEffectGraphs":true,"m_FxEnabled":true},"in2DMode":false,"pivot":{"x":2.8936374187469484,"y":1.6406642198562623,"z":7.056681156158447},"rotation":{"x":0.1542445421218872,"y":-0.7612755298614502,"z":0.19631615281105042,"w":0.5985666513442993},"size":3.5660250186920168,"orthographic":false}