{"cameraMode":{"drawMode":0,"name":"Shaded","section":"Shading Mode"},"sceneLighting":true,"audioPlay":false,"sceneViewState":{"m_AlwaysRefresh":true,"showFog":true,"showSkybox":true,"showFlares":true,"showImageEffects":true,"showParticleSystems":true,"showVisualEffectGraphs":true,"m_FxEnabled":true},"in2DMode":false,"pivot":{"x":-3.8466920852661135,"y":7.189046859741211,"z":-107.59848022460938},"rotation":{"x":0.12653008103370667,"y":-0.2943344712257385,"z":0.03934864699840546,"w":0.9464725255966187},"size":11.558694839477539,"orthographic":false}