{"cameraMode":{"drawMode":0,"name":"Shaded","section":"Shading Mode"},"sceneLighting":true,"audioPlay":false,"sceneViewState":{"m_AlwaysRefresh":false,"showFog":true,"showSkybox":true,"showFlares":true,"showImageEffects":true,"showParticleSystems":true,"showVisualEffectGraphs":true,"m_FxEnabled":true},"in2DMode":false,"pivot":{"x":0.04031252861022949,"y":-0.09087264537811279,"z":-7.391782760620117},"rotation":{"x":0.3062785863876343,"y":-0.5451861619949341,"z":0.22343750298023225,"w":0.7477942109107971},"size":7.698044300079346,"orthographic":false}