{"cameraMode":{"drawMode":0,"name":"Shaded","section":"Shading Mode"},"sceneLighting":true,"audioPlay":false,"sceneViewState":{"m_AlwaysRefresh":false,"showFog":true,"showSkybox":true,"showFlares":true,"showImageEffects":true,"showParticleSystems":true,"showVisualEffectGraphs":true,"m_FxEnabled":true},"in2DMode":false,"pivot":{"x":-1.4030241966247559,"y":-6.4866132736206059,"z":18.753124237060548},"rotation":{"x":0.14316530525684358,"y":-0.1698528230190277,"z":0.024840982630848886,"w":0.9747634530067444},"size":21.48673439025879,"orthographic":false}