{"cameraMode":{"drawMode":0,"name":"Shaded","section":"Shading Mode"},"sceneLighting":true,"audioPlay":false,"sceneViewState":{"m_AlwaysRefresh":false,"showFog":true,"showSkybox":true,"showFlares":true,"showImageEffects":true,"showParticleSystems":true,"showVisualEffectGraphs":true,"m_FxEnabled":true},"in2DMode":false,"pivot":{"x":3.5537428855895998,"y":0.22230307757854463,"z":-1.740554690361023},"rotation":{"x":0.13147522509098054,"y":0.15457437932491303,"z":-0.020758911967277528,"w":0.9789761900901794},"size":10.80282211303711,"orthographic":false}